{
  "itemDisplayName": "SharePoint 2016 and 2013 configured with ADFS authentication",
  "description": "This template deploys a new SharePoint 2013 or 2016 environment with 3 new Azure VMs, each with its own public IP address and subnet. 1 new AD Domain Controller with AD CS and AD FS configured, 1 SQL Server 2016 and 1 SharePoint (2013 or 2016) configured with 1 web application and 2 zones. Default zone uses Windows authentication and Intranet zone uses federated authentication with ADFS. Latest version of claims provider LDAPCP is installed and configured.",
  "summary": "Deploy a single server SharePoint 2013 or 2016 farm federated with ADFS: 1 DC server running ADCS and ADFS, 1 SQL Server 2016 and 1 SharePoint 2013 or 2016 server that trusts ADFS",
  "githubUsername": "yvand",
  "dateUpdated": "2017-09-07"
}
