{
  "$schema": "http://schema.management.azure.com/schemas/2015-01-01/deploymentParameters.json#",
  "contentVersion": "1.0.0.0",
  "parameters": {
    "dnsPrefix": {
      "value": "GEN-UNIQUE-10"
    },
    "adminPassword": {
      "value": "GEN-PASSWORD"
    },
    "adfsSvcPassword": {
      "value": "GEN-PASSWORD"
    },
    "sqlSvcPassword": {
      "value": "GEN-PASSWORD"
    },
    "spSetupPassword": {
      "value": "GEN-PASSWORD"
    },
    "spFarmPassword": {
      "value": "GEN-PASSWORD"
    },
    "spSvcPassword": {
      "value": "GEN-PASSWORD"
    },
    "spAppPoolPassword": {
      "value": "GEN-PASSWORD"
    },
    "spPassphrase": {
      "value": "GEN-PASSWORD"
    }
  }
}
